Accession,Country
PI603693B,China
PI437643A,China
PI437976,China
PI88803,China
PI594486B,China
PI467325,China
PI438059,China
PI437572,China
PI438033,China
PI427105B,China
PI437610B,China
PI603516,China
PI549076A,China
PI479726,China
PI603564B,China
PI475818,China
PI567453,China
PI567501,China
PI567538A,China
PI567772,China
PI594901,China
PI473573,China
PI603783,China
PI467331,China
PI567516B,China
PI587979A,China
PI594476,China
PI594660A,China
PI594809A,China
PI561368,China
PI518710,China
PI438246,China
PI92607,China
PI361115,China
PI603335A,China
PI70469-1,China
PI603309,China
PI548402,China
PI603753A,China
PI79846,China
PI437910B,China
PI68454,China
PI437825,China
PI587704,China
PI464927B,China
PI567158,China
PI479750,China
PI532449,China
PI407711A,China
PI436617,China
PI291302B,China
PI79583,China
PI603435A,China
PI567326B,China
PI567373A,China
PI567490,China
PI567729,China
PI464921,China
PI594412,China
PI578482A,China
PI587792,China
PI587618A,China
PI587771,China
PI603642,China
PI70243,China
PI436566,China
PI578475,China
PI587877B,China
PI603733,China
PI603727,China
PI594564,China
PI594627A,China
PI587809A,China
PI567264A,China
PI427107A,China
PI578473C,China
PI68443,China
PI417030,China
PI68748-1,China
PI603422A,China
PI602991,China
PI594794A,China
PI445849,China
PI603426C,China
PI407759,China
PI79693,China
PI437898,China
PI438078,China
PI91102,China
PI70473-1,China
PI88358,China
PI603351,China
PI253652A,China
PI407731,China
PI437969,China
PI603431,China
PI438075,China
PI135590,China
PI92598,China
PI291291,China
PI79848-1,China
PI72341,China
PI92639,China
PI407724,China
PI438225,China
PI437573B,China
PI437632A,China
PI70228,China
PI561332,China
PI91129,China
PI89003-1,China
PI253653B,China
PI92571,China
PI567692,China
PI603426E,China
PI347565A,China
PI266807A,China
PI437972,China
PI466749A,China
PI567770A,China
PI567602A,China
PI449459,China
PI404185,China
PI437787,China
PI437883,China
PI404188A,China
PI91559,China
PI54859,China
PI437767,China
PI291272,China
PI438268,China
PI467342,China
PI81772,China
PI438052,China
PI438108,China
PI438024,China
PI437625,China
PI68465-1,China
PI437609A,China
PI438240,China
PI427088E,China
PI468397B,China
PI297503,China
PI597408,China
PI574482,China
PI592926,China
PI253661C,China
PI437805,China
PI597412,China
PI603424A,China
PI291311B,China
PI538392,China
PI467323B,China
PI458826A,China
PI407715,China
PI91730,China
PI567482B,China
PI597439,China
PI420338,China
PI587620A,China
PI567738B,China
PI603454,China
PI407653,China
PI405690,China
PI427088D,China
PI567156A,China
PI561227,China
PI567364,China
PI567473A,China
PI567515,China
PI603476,China
PI567572A,China
PI567760,China
PI404189,China
PI567762C,China
PI594650A,China
PI612708C,China
PI593963,China
PI578497A,China
PI567574A,China
PI594477,China
PI594694,China
PI594687,China
PI594790A,China
PI567248,China
PI567774A,China
PI592962A,China
PI567771C,China
PI603418C,China
PI594884,China
PI603711B,China
PI594483,China
PI171445,China
PI587728,China
PI587942,China
PI567266C,China
PI464932,China
PI567269B,China
PI567441A,China
PI567319B,China
PI567286,China
PI567684B,China
PI587864A,China
PI407742,China
PI587596B,China
PI587687E,China
PI587647B,China
PI587661B,China
PI587724,China
PI587721A,China
PI587759,China
PI587727,China
PI587767B,China
PI603611B,China
PI594705,China
PI587946,China
PI587906,China
PI587573A,China
PI603683,China
PI588020,China
PI587996A,China
PI588011B,China
PI588017A,China
PI588002,China
PI594782,China
PI594567A,China
PI594859,China
PI594741B,China
PI594716B,China
PI594892,China
PI567239,China
PI458509,China
PI567441C,China
PI171443,China
PI567476,China
PI588035,China
PI594744,China
PI587952,China
PI135624,China
PI407300,China
PI464889C,China
PI464925A,China
PI597449,China
PI407306,China
PI464871A,China
PI464868B,China
PI464891A,China
PI483468B,China
PI468398A,China
PI597459C,China
PI561351,China
PI68474,China
PI578431,China
PI92672,China
PI297509,China
PI578422,China
PI603465C,China
PI603461,China
PI253661B,China
PI91733,China
PI574485,China
PI578364,China
PI92733,China
PI79587,China
PI603698H,China
PI587983A,China
PI587981,China
PI594455B,China
PI54854,China
PI567647B,China
PI603481,China
PI407386B,China
PI603306,China
PI567499,China
PI567244,China
PI603477A,China
PI603664,China
PI603757C,China
PI597428,China
PI567535B,China
PI587607B,China
PI437937,China
PI479738,China
PI92643,China
PI567533,China
PI603758B,China
PI404194,China
PI578388A,China
PI567687,China
PI567429E,China
PI594682A,China
PI567698A,China
PI567474,China
PI468903,China
PI594648B,China
PI567749A,China
PI603543B,China
PI587620B,China
PI88282,China
PI567753B,China
PI567407,China
PI567733,China
PI588008D,China
PI603530C,China
PI567675,China
PI437789,China
PI567342,China
PI468911,China
PI594502,China
PI594475A,China
PI603731B,China
PI594789B,China
PI594877,China
PI594512B,China
PI587698B,China
PI587966C,China
PI587656,China
PI594875B,China
PI567390,China
PI587560B,China
PI561359,China
PI594849,China
PI587883A,China
PI424232B,Korea
PI398848,Korea
PI408055A,Korea
PI407958,Korea
PI398880,Korea
PI548438,Korea
PI408203A,Korea
PI458196,Korea
PI424373,Korea
PI398800,Korea
PI407873,Korea
PI424229B,Korea
PI424412,Korea
PI613559D,Korea
PI639539B,Korea
PI408131B,Korea
PI97235,Korea
PI398696,Korea
PI408230,Korea
PI424583,Korea
PI423748C,Korea
PI83891,Korea
PI399075,Korea
PI399038,Korea
PI407186,Korea
PI424116,Korea
PI398878,Korea
PI399009,Korea
PI398395,Korea
PI408306,Korea
PI424269C,Korea
PI424029,Korea
PI398867,Korea
PI407774,Korea
PI423755,Korea
PI424599,Korea
PI408193,Korea
PI408050B,Korea
PI157444,Korea
PI87574,Korea
PI87029,Korea
PI408199,Korea
PI424242,Korea
PI87011,Korea
PI408248A,Korea
PI458263,Korea
PI408186B,Korea
PI84751,Korea
PI84954,Korea
PI96093,Korea
PI548356,Korea
PI157429,Korea
PI87617,Korea
PI507718B,Korea
PI398267,Korea
PI424234A,Korea
PI84578,Korea
PI424258,Korea
PI85441,Korea
PI424161,Korea
PI157434,Korea
PI84609,Korea
PI548399,Korea
PI96321,Korea
PI408285B,Korea
PI407949,Korea
PI424233,Korea
PI398350,Korea
PI398245,Korea
PI407810,Korea
PI398499,Korea
PI424484A,Korea
PI424319,Korea
PI398205,Korea
PI408111,Korea
PI509110B,Korea
PI399056,Korea
PI408042,Korea
PI339863A,Korea
PI408231,Korea
PI408066A,Korea
PI458052,Korea
PI82555,Korea
PI424271,Korea
PI424585,Korea
PI423851,Korea
PI458039,Korea
PI424572,Korea
PI424402B,Korea
PI84682,Korea
PI424345,Korea
PI399007,Korea
PI423798A,Korea
PI548334,Korea
PI340051,Korea
PI398323,Korea
PI398498,Korea
PI424493A,Korea
PI398491,Korea
PI508296G,Korea
PI398434,Korea
PI407805A,Korea
PI408167B,Korea
PI398592,Korea
PI399045,Korea
PI424259,Korea
PI408003-1,Korea
PI407984,Korea
PI398567,Korea
PI408153,Korea
PI408343,Korea
PI398448,Korea
PI424042,Korea
PI424576,Korea
PI424607,Korea
PI398282,Korea
PI398480,Korea
PI424516,Korea
PI407920,Korea
PI423781A,Korea
PI423756B,Korea
PI398339,Korea
PI408283,Korea
PI339994,Korea
PI424474-2,Korea
PI398770,Korea
PI407906,Korea
PI458170,Korea
PI458228,Korea
PI504812,Korea
PI438306,Korea
PI548467,Korea
PI424080,Korea
PI562539,Korea
PI407218,Korea
PI407169,Korea
PI424086,Korea
PI424019,Korea
PI424059A,Korea
PI407215,Korea
PI424007,Korea
PI424037,Korea
PI424045,Korea
PI424084,Korea
PI424128A,Korea
PI424103A,Korea
PI424611A,Korea
PI424405A,Korea
PI84644,Korea
PI424187,Korea
PI398730,Korea
PI82291,Korea
PI398736,Korea
PI423797,Korea
PI597474,Korea
PI593989,Korea
PI486354B,Korea
PI424604,Korea
PI408216B,Korea
PI424608B,Korea
PI423735,Korea
PI408262B,Korea
PI398740,Korea
PI423768,Korea
PI398653,Korea
PI398248,Korea
PI458169B,Korea
PI398773,Korea
PI408309,Korea
PI398734,Korea
PI423752A,Korea
PI82315,Korea
PI398182,Korea
PI424432,Korea
PI398618,Korea
PI398725,Korea
PI398594,Korea
PI398190,Korea
PI95853,Korea
PI407918B,Korea
PI408247,Korea
PI424517A,Korea
PI408019A,Korea
PI424613,Korea
PI398511,Korea
PI408201B,Korea
PI398347,Korea
PI398384,Korea
PI424533,Korea
PI398265,Korea
PI458249,Korea
PI408014,Korea
PI398952,Korea
PI408158,Korea
PI408239,Korea
PI458239,Korea
PI157473,Korea
PI398724,Korea
PI458261,Korea
PI417140,Japan
PI181534,Japan
PI417198,Japan
PI200446,Japan
PI594261,Japan
PI417210,Japan
PI224271,Japan
PI506873,Japan
PI181536,Japan
PI507246,Japan
PI506757,Japan
PI181557,Japan
PI342004,Japan
PI507190,Japan
PI506842,Japan
PI227222,Japan
PI227567,Japan
PI548469,Japan
PI196163,Japan
PI407139,Japan
PI407107,Japan
PI417015,Japan
PI224268,Japan
PI507357,Japan
PI507088,Japan
PI506491,Japan
PI417027,Japan
PI506896,Japan
PI507028,Japan
PI506971,Japan
PI417076,Japan
PI227334,Japan
PI417493,Japan
PI507342,Japan
PI504485,Japan
PI549069,Japan
PI342434,Japan
PI417287,Japan
PI507025,Japan
PI506918,Japan
PI227563,Japan
PI86089,Japan
PI417299,Japan
PI507519,Japan
PI416817,Japan
PI416905,Japan
PI86063,Japan
PI232993,Japan
PI417214,Japan
PI507098,Japan
PI417392,Japan
PI86115,Japan
PI200536,Japan
PI157492,Japan
PI416902,Japan
PI200501,Japan
PI200463,Japan
PI416899,Japan
PI317334A,Japan
PI416984,Japan
PI423940,Japan
PI423987B,Japan
PI507047,Japan
PI416789,Japan
PI205092,Japan
PI548358,Japan
PI506925,Japan
PI423922,Japan
PI416850,Japan
PI205085,Japan
PI506891,Japan
PI417468,Japan
PI507072,Japan
PI506965,Japan
PI506811,Japan
PI507055,Japan
PI507151,Japan
PI507189B,Japan
PI360847,Japan
PI506932,Japan
PI416938,Japan
PI594170A,Japan
PI507244,Japan
PI196149,Japan
PI417449,Japan
PI594196,Japan
PI417248,Japan
PI417321,Japan
PI417069,Japan
PI549072,Japan
PI379561,Japan
PI507215,Japan
PI507562,Japan
PI416903,Japan
PI407145,Japan
PI221972,Japan
PI227221,Japan
PI507359,Japan
PI227224,Japan
PI423967,Japan
PI416924,Japan
PI416828,Japan
PI506559,Japan
PI423914B,Japan
PI417281,Japan
PI506907,Japan
PI506695,Japan
PI506805,Japan
PI506543,Japan
PI507270,Japan
PI187154,Japan
PI200543,Japan
PI274420,Japan
PI417089A,Japan
PI200459,Japan
PI507146,Japan
PI407126,Japan
PI407064,Japan
PI378682C,Japan
PI407027,Japan
PI366123,Japan
PI378701A,Japan
PI407072,Japan
PI407122,Japan
PI407045,Japan
PI378696A,Japan
PI507610,Japan
PI407032B,Japan
PI407024,Japan
PI508069,Japan
PI507618,Japan
PI407085,Japan
PI407149,Japan
PI506988,Japan
PI417172,Japan
PI417191,Japan
PI416756,Japan
PI594276,Japan
PI594238,Japan
PI548423,Japan
PI507225,Japan
PI506721,Japan
PI417033B,Japan
PI506818,Japan
PI85014,Japan
PI423891,Japan
PI548419,Japan
PI243549,Japan
PI224272,Japan
PI417043,Japan
PI506996,Japan
PI416952,Japan
PI200447,Japan
PI416928,Japan
PI506825,Japan
PI229320,Japan
PI506884,Japan
PI417013,Japan
PI506598,Japan
PI507335,Japan
PI416758,Japan
PI507116,Japan
PI634870,United States
PI534645,United States
PI548984,United States
PI547465,United States
PI547676,United States
PI438499,United States
PI548206,United States
PI559369,United States
PI548560,United States
PI615555,United States
PI548540,United States
PI548242,United States
PI553045,United States
PI548232,United States
PI548680,United States
PI548510,United States
PI548655,United States
PI532833,United States
PI540556,United States
PI518664,United States
PI548556,United States
PI634897,United States
PI548660,United States
PI642768,United States
PI634759,United States
PI548180,United States
PI548470,United States
PI548458,United States
PI634910,United States
PI548667,United States
PI632429,United States
PI548602,United States
PI553039,United States
PI548527,United States
PI536635,United States
PI547895,United States
PI614808,United States
PI548557,United States
PI548255,United States
PI548507,United States
PI547830,United States
PI547580,United States
PI248402,United States
PI548174,United States
PI614674,United States
PI548502,United States
PI634898,United States
PI548516,United States
PI548186,United States
PI548211,United States
PI548586,United States
PI548666,United States
PI634911,United States
PI634867,United States
PI560911,United States
PI548695,United States
PI546373,United States
PI602448,United States
PI602450,United States
PI438507A,United States
PI578058,United States
PI553038,United States
PI634888,United States
PI548974,United States
PI536636,United States
PI644044,United States
PI438494,United States
PI634913,United States
PI438504A,United States
PI438490A,United States
PI548194,United States
PI548519,United States
PI548634,United States
PI548534,United States
PI634900,United States
PI548588,United States
PI548548,United States
PI548975,United States
PI572239,United States
PI572238,United States
PI553044,United States
PI297544,Russian Federation
PI548394,Russian Federation
PI437316,Russian Federation
PI639601B,Russian Federation
PI507759,Russian Federation
PI437305,Russian Federation
PI437156A,Russian Federation
PI507680,Russian Federation
PI437148,Russian Federation
PI561273,Russian Federation
PI507670,Russian Federation
PI384474,Russian Federation
PI507746,Russian Federation
PI507825,Russian Federation
PI578341,Russian Federation
PI512324,Russian Federation
PI437163,Russian Federation
PI437308,Russian Federation
PI639555B,Russian Federation
PI437365,Russian Federation
PI437154,Russian Federation
PI437427B,Russian Federation
PI639529A,Russian Federation
PI437436B,Russian Federation
PI507708,Russian Federation
PI290119,Russian Federation
PI437139,Russian Federation
PI639542A,Russian Federation
PI639632A,Russian Federation
PI437462D,Russian Federation
PI437388,Russian Federation
PI417572A,Russian Federation
PI578338B,Russian Federation
PI507818B,Russian Federation
PI522208A,Russian Federation
PI507772,Russian Federation
PI522230B,Russian Federation
PI507747,Russian Federation
PI639623A,Russian Federation
PI507789,Russian Federation
PI639613,Russian Federation
PI567212B,Russian Federation
PI639630B,Russian Federation
PI372414,Russian Federation
PI370056,Russian Federation
PI437373,Russian Federation
PI437515B,Russian Federation
PI437324,Russian Federation
PI437110A,Russian Federation
PI437322,Russian Federation
PI437116,Russian Federation
PI605853C,Vietnam
PI653940A,Vietnam
PI605873,Vietnam
PI605831C,Vietnam
PI653951,Vietnam
PI654002,Vietnam
PI653914,Vietnam
PI605812,Vietnam
PI578455A,Vietnam
PI578466,Vietnam
PI653947,Vietnam
PI605853A,Vietnam
PI654825B,Vietnam
PI653983,Vietnam
PI653994,Vietnam
PI606362,Vietnam
PI654014,Vietnam
PI654000,Vietnam
PI654024,Vietnam
PI653899A,Vietnam
PI632936,Vietnam
PI653890C,Vietnam
PI476932,Vietnam
PI653909,Vietnam
PI605761,Vietnam
PI653959,Vietnam
PI615485,Vietnam
PI605821C,Vietnam
PI605831A,Vietnam
PI653901,Vietnam
PI654044B,Vietnam
PI653853,Vietnam
PI653857,Vietnam
PI653913A,Vietnam
PI653987,Vietnam
PI476895,Vietnam
PI615470,Vietnam
PI476928,Vietnam
PI606382A,Vietnam
PI567009B,Indonesia
PI567103,Indonesia
PI567006B,Indonesia
PI567109,Indonesia
PI441373B,Indonesia
PI566964B,Indonesia
PI567068B,Indonesia
PI567050,Indonesia
PI567114,Indonesia
PI567000A,Indonesia
PI567062,Indonesia
PI566966B,Indonesia
PI567124,Indonesia
PI281897A,Indonesia
PI567038,Indonesia
PI567043A,Indonesia
PI148259,Indonesia
PI567054C,Indonesia
PI567111,Indonesia
PI567029B,Indonesia
PI183930,India
PI374191,India
PI323572,India
PI307875,India
PI374200B,India
PI175193,India
PI374173,India
PI486332,India
PI198078,India
PI438424,India
PI307882F,India
PI468374B,India
PI165989,India
PI497953,India
PI153273,Germany
PI372406,Germany
PI361113,Germany
PI417507,Germany
PI417512A,Germany
PI417538,Germany
PI153276,Germany
PI372420,Germany
PI361102,Germany
PI628943,Brazil
PI628882,Brazil
PI628880,Brazil
PI628824,Brazil
PI628898,Brazil
PI628949,Brazil
PI483253,Brazil
PI483251,Brazil
PI417497,Brazil
PI437196,Moldova
PI437261B,Moldova
PI437248,Moldova
PI437237,Moldova
PI437226,Moldova
PI437263,Moldova
PI437230,Moldova
PI437197,Moldova
PI153304,France
PI153320,France
PI153317,France
PI153278,France
PI153209,France
PI189938,France
PI378679,France
PI504497,Taiwan
PI504504,Taiwan
PI393546,Taiwan
PI518279,Taiwan
PI538401A,Taiwan
PI166140,Nepal
PI578306A,Nepal
PI578325,Nepal
PI209839A,Nepal
PI578311C,Nepal
PI153252,Hungary
PI297542,Hungary
PI290118,Hungary
PI591435,Canada
PI546049,Canada
PI546040,Canada
PI361085B,Romania
PI361120,Romania
PI361066A,Romania
PI597393,Ukraine
PI437539,Ukraine
PI437533B,Ukraine
PI194639,Sweden
PI438475B,Sweden
PI194627,Sweden
PI423711,Poland
PI423707,Poland
PI91750,Unknown
PI153297,Unknown
PI205901B,Thailand
PI377578,Thailand
PI567201C,Georgia
PI159097,South Africa
PI153221,Belgium
PI378674A,Bulgaria
PI154200,Netherlands
PI240667B,Philippines
PI381677,Uganda
PI281910,Malaysia
PI424198,Former Serbia and Montenegro
PI248397,Serbia
PI578328C,Argentina
PI306704A,Tanzania
PI438327,Algeria
