Accession,Country
PI603693B,China
PI437643A,China
PI437976,China
PI88803,China
PI594486B,China
PI467325,China
PI438059,China
PI437572,China
PI438033,China
PI427105B,China
PI437610B,China
PI603516,China
PI549076A,China
PI479726,China
PI603564B,China
PI475818,China
PI567453,China
PI567501,China
PI567538A,China
PI567772,China
PI594901,China
PI473573,China
PI603783,China
PI467331,China
PI567516B,China
PI587979A,China
PI594660A,China
PI594809A,China
PI561368,China
PI518710,China
PI438246,China
PI92607,China
PI567158,China
PI603335A,China
PI70469-1,China
PI603309,China
PI548402,China
PI603753A,China
PI79846,China
PI437910B,China
PI68454,China
PI437825,China
PI587704,China
PI464927B,China
PI479750,China
PI532449,China
PI407711A,China
PI436617,China
PI291302B,China
PI603435A,China
PI567326B,China
PI567373A,China
PI567490,China
PI567729,China
PI464921,China
PI594412,China
PI578482A,China
PI587792,China
PI587618A,China
PI587771,China
PI603642,China
PI70243,China
PI436566,China
PI578475,China
PI587877B,China
PI603733,China
PI578364,China
PI594564,China
PI594627A,China
PI603653,China
PI567264A,China
PI427107A,China
PI578473C,China
PI68443,China
PI417030,China
PI437632A,China
PI603422A,China
PI602991,China
PI587906,China
PI603426C,China
PI407759,China
PI79693,China
PI437898,China
PI438078,China
PI91102,China
PI70473-1,China
PI88358,China
PI603351,China
PI253652A,China
PI407731,China
PI437969,China
PI603431,China
PI438075,China
PI135590,China
PI92598,China
PI291291,China
PI79848-1,China
PI72341,China
PI92639,China
PI407724,China
PI438225,China
PI437573B,China
PI438052,China
PI70228,China
PI561332,China
PI91129,China
PI89003-1,China
PI253653B,China
PI92571,China
PI567692,China
PI603426E,China
PI347565A,China
PI266807A,China
PI437972,China
PI567770A,China
PI567602A,China
PI449459,China
PI404185,China
PI437787,China
PI437883,China
PI404188A,China
PI91559,China
PI54859,China
PI437767,China
PI291272,China
PI438268,China
PI467342,China
PI81772,China
PI438108,China
PI438024,China
PI437625,China
PI437609A,China
PI92672,China
PI438240,China
PI427088E,China
PI468397B,China
PI297503,China
PI597408,China
PI479732,China
PI574482,China
PI592926,China
PI253661C,China
PI437805,China
PI597412,China
PI603424A,China
PI291311B,China
PI538392,China
PI467323B,China
PI458826A,China
PI407715,China
PI91730,China
PI567482B,China
PI597439,China
PI420338,China
PI567738B,China
PI603454,China
PI407653,China
PI405690,China
PI427088D,China
PI561227,China
PI567364,China
PI567473A,China
PI567515,China
PI603476,China
PI567760,China
PI404189,China
PI567762C,China
PI594650A,China
PI612708C,China
PI593963,China
PI567574A,China
PI594477,China
PI587981,China
PI594483,China
PI594694,China
PI594687,China
PI594790A,China
PI567248,China
PI603758B,China
PI587970A,China
PI603664,China
PI567774A,China
PI592962A,China
PI567771C,China
PI603418C,China
PI594884,China
PI603711B,China
PI171445,China
PI587728,China
PI587946,China
PI567266C,China
PI464932,China
PI567269B,China
PI567441A,China
PI567319B,China
PI567286,China
PI567684B,China
PI587864A,China
PI407742,China
PI587596B,China
PI587687E,China
PI587647B,China
PI587661B,China
PI587724,China
PI587721A,China
PI587759,China
PI587727,China
PI587767B,China
PI603611B,China
PI587573A,China
PI603683,China
PI587996A,China
PI588011B,China
PI588017A,China
PI588002,China
PI594782,China
PI594567A,China
PI594859,China
PI594705,China
PI594741B,China
PI594716B,China
PI594892,China
PI567239,China
PI458509,China
PI567441C,China
PI171443,China
PI588035,China
PI587952,China
PI135624,China
PI407300,China
PI464889C,China
PI464925A,China
PI597449,China
PI407306,China
PI464871A,China
PI464868B,China
PI464891A,China
PI483468B,China
PI468398A,China
PI597459C,China
PI561351,China
PI68474,China
PI491578,China
PI297509,China
PI578422,China
PI603465D,China
PI253661B,China
PI91733,China
PI574485,China
PI92733,China
PI79587,China
PI603698H,China
PI587983A,China
PI594455B,China
PI54854,China
PI567647B,China
PI603481,China
PI407386B,China
PI603306,China
PI567499,China
PI567244,China
PI603477A,China
PI603757C,China
PI567535B,China
PI587607B,China
PI437937,China
PI479738,China
PI567533,China
PI404194,China
PI567687,China
PI567429E,China
PI594682A,China
PI567698A,China
PI567474,China
PI468903,China
PI594648B,China
PI567749A,China
PI603543B,China
PI587620B,China
PI88282,China
PI567753B,China
PI567407,China
PI588008D,China
PI567733,China
PI603530C,China
PI567675,China
PI437789,China
PI567342,China
PI468911,China
PI594502,China
PI594475A,China
PI594789B,China
PI594877,China
PI594512B,China
PI587698B,China
PI587966C,China
PI587656,China
PI567390,China
PI587560B,China
PI587883A,China
PI424232B,Korea
PI398848,Korea
PI408055A,Korea
PI407958,Korea
PI398880,Korea
PI548438,Korea
PI408203A,Korea
PI458196,Korea
PI424373,Korea
PI424362,Korea
PI407873,Korea
PI424229B,Korea
PI424412,Korea
PI613559D,Korea
PI639539B,Korea
PI408131B,Korea
PI97235,Korea
PI398696,Korea
PI408230,Korea
PI340019,Korea
PI339986,Korea
PI83891,Korea
PI399075,Korea
PI399038,Korea
PI424583,Korea
PI407186,Korea
PI424116,Korea
PI398878,Korea
PI399009,Korea
PI424409,Korea
PI408306,Korea
PI424269C,Korea
PI424029,Korea
PI398867,Korea
PI407774,Korea
PI398365,Korea
PI424599,Korea
PI408193,Korea
PI407274,Korea
PI408050B,Korea
PI64698,Korea
PI507716,Korea
PI87029,Korea
PI408199,Korea
PI424242,Korea
PI87574,Korea
PI87011,Korea
PI408248A,Korea
PI407956,Korea
PI408186B,Korea
PI84751,Korea
PI85508,Korea
PI84954,Korea
PI96093,Korea
PI548356,Korea
PI157429,Korea
PI157444,Korea
PI87617,Korea
PI612617B,Korea
PI423748C,Korea
PI424234A,Korea
PI84578,Korea
PI438304B,Korea
PI85441,Korea
PI157431,Korea
PI157434,Korea
PI84609,Korea
PI398395,Korea
PI548399,Korea
PI96321,Korea
PI408285B,Korea
PI407949,Korea
PI424233,Korea
PI398350,Korea
PI398406,Korea
PI398245,Korea
PI407810,Korea
PI398499,Korea
PI424484A,Korea
PI424319,Korea
PI398205,Korea
PI408111,Korea
PI509110B,Korea
PI399056,Korea
PI408042,Korea
PI339863A,Korea
PI408231,Korea
PI408066A,Korea
PI458052,Korea
PI82555,Korea
PI424271,Korea
PI424585,Korea
PI398803,Korea
PI423851,Korea
PI458039,Korea
PI424572,Korea
PI424402B,Korea
PI507718B,Korea
PI424345,Korea
PI399007,Korea
PI424435,Korea
PI603148,Korea
PI458020,Korea
PI548334,Korea
PI398986,Korea
PI274209,Korea
PI398323,Korea
PI398498,Korea
PI196166,Korea
PI424493A,Korea
PI398491,Korea
PI508296G,Korea
PI398434,Korea
PI458105,Korea
PI398581,Korea
PI398592,Korea
PI399041,Korea
PI399045,Korea
PI424259,Korea
PI398950,Korea
PI408003-1,Korea
PI407970,Korea
PI407984,Korea
PI398567,Korea
PI398677,Korea
PI408153,Korea
PI408343,Korea
PI398828,Korea
PI424141B,Korea
PI424042,Korea
PI424576,Korea
PI424607,Korea
PI398282,Korea
PI398480,Korea
PI424516,Korea
PI407920,Korea
PI423781A,Korea
PI424480,Korea
PI423756B,Korea
PI398339,Korea
PI408283,Korea
PI339994,Korea
PI424474-2,Korea
PI398770,Korea
PI458133,Korea
PI458154,Korea
PI407906,Korea
PI458170,Korea
PI594014A,Korea
PI458228,Korea
PI407855,Korea
PI597476,Korea
PI603910C,Korea
PI438306,Korea
PI548467,Korea
PI398267,Korea
PI424045,Korea
PI339735B,Korea
PI424014,Korea
PI407161,Korea
PI407218,Korea
PI407169,Korea
PI407195,Korea
PI424086,Korea
PI407210,Korea
PI424075,Korea
PI424019,Korea
PI424030,Korea
PI407276,Korea
PI562539,Korea
PI424059A,Korea
PI407215,Korea
PI407226,Korea
PI407231,Korea
PI424099B,Korea
PI407241,Korea
PI407264,Korea
PI424026,Korea
PI424006B,Korea
PI424007,Korea
PI424017B,Korea
PI424025C,Korea
PI424033,Korea
PI424037,Korea
PI424046B,Korea
PI424072A,Korea
PI424084,Korea
PI424105,Korea
PI424128A,Korea
PI562532,Korea
PI562548,Korea
PI424082,Korea
PI424083B,Korea
PI424103A,Korea
PI424114B,Korea
PI424611A,Korea
PI424405A,Korea
PI84682,Korea
PI84644,Korea
PI597478A,Korea
PI504812,Korea
PI84683A,Korea
PI398959,Korea
PI398343,Korea
PI398200,Korea
PI424156A,Korea
PI603911B,Korea
PI82291,Korea
PI398736,Korea
PI408223,Korea
PI408256,Korea
PI423799A,Korea
PI597474,Korea
PI593989,Korea
PI486354B,Korea
PI424604,Korea
PI408216B,Korea
PI398201,Korea
PI424608B,Korea
PI408074B,Korea
PI423735,Korea
PI408167B,Korea
PI408262B,Korea
PI408271,Korea
PI458263,Korea
PI398740,Korea
PI399008,Korea
PI398625,Korea
PI423768,Korea
PI398653,Korea
PI423797,Korea
PI424255C,Korea
PI398248,Korea
PI424258,Korea
PI424588,Korea
PI458169B,Korea
PI398571,Korea
PI423798A,Korea
PI398773,Korea
PI408181D,Korea
PI408309,Korea
PI398734,Korea
PI423752A,Korea
PI458191,Korea
PI82315,Korea
PI97225,Korea
PI398182,Korea
PI424432,Korea
PI408316,Korea
PI398725,Korea
PI424161,Korea
PI603914,Korea
PI398190,Korea
PI95853,Korea
PI407918B,Korea
PI603174B,Korea
PI408247,Korea
PI424517A,Korea
PI408019A,Korea
PI399080,Korea
PI424515,Korea
PI458145,Korea
PI424613,Korea
PI458049,Korea
PI398286,Korea
PI398511,Korea
PI423758,Korea
PI398618,Korea
PI408201B,Korea
PI398347,Korea
PI408074C,Korea
PI398384,Korea
PI424499D,Korea
PI424533,Korea
PI408300,Korea
PI398265,Korea
PI458249,Korea
PI408014,Korea
PI398952,Korea
PI398639,Korea
PI407805A,Korea
PI424531,Korea
PI398594,Korea
PI407778B,Korea
PI408002,Korea
PI408158,Korea
PI613558A,Korea
PI408142,Korea
PI408239,Korea
PI424337-2,Korea
PI398800,Korea
PI407945,Korea
PI458239,Korea
PI398663,Korea
PI157473,Korea
PI398724,Korea
PI408340,Korea
PI603161,Korea
PI458261,Korea
PI594001,Korea
PI86046,Japan
PI181534,Japan
PI417198,Japan
PI200446,Japan
PI227330,Japan
PI417210,Japan
PI224271,Japan
PI506873,Japan
PI181536,Japan
PI507246,Japan
PI506757,Japan
PI181557,Japan
PI417245,Japan
PI507190,Japan
PI506842,Japan
PI227222,Japan
PI227567,Japan
PI274454,Japan
PI548437,Japan
PI196163,Japan
PI378686A,Japan
PI407107,Japan
PI417015,Japan
PI548469,Japan
PI224268,Japan
PI507357,Japan
PI507088,Japan
PI506504,Japan
PI417027,Japan
PI507501,Japan
PI219782,Japan
PI507178,Japan
PI417076,Japan
PI81029N,Japan
PI594164,Japan
PI416848,Japan
PI407105,Japan
PI417196A,Japan
PI549069,Japan
PI507487,Japan
PI594307,Japan
PI417287,Japan
PI417107,Japan
PI506918,Japan
PI181535,Japan
PI274423,Japan
PI86089,Japan
PI417140,Japan
PI417299,Japan
PI507519,Japan
PI416817,Japan
PI416905,Japan
PI86063,Japan
PI232993,Japan
PI417214,Japan
PI417392,Japan
PI86073,Japan
PI417060,Japan
PI200536,Japan
PI157492,Japan
PI227563,Japan
PI416902,Japan
PI200501,Japan
PI200463,Japan
PI416899,Japan
PI507032,Japan
PI317334A,Japan
PI416868B,Japan
PI416984,Japan
PI423940,Japan
PI423987B,Japan
PI507047,Japan
PI416890,Japan
PI205092,Japan
PI548358,Japan
PI506925,Japan
PI507100,Japan
PI423922,Japan
PI243514,Japan
PI205085,Japan
PI416784,Japan
PI506891,Japan
PI507065,Japan
PI423937,Japan
PI416786,Japan
PI507072,Japan
PI506965,Japan
PI506811,Japan
PI507055,Japan
PI417333,Japan
PI507151,Japan
PI417042,Japan
PI507189B,Japan
PI507022,Japan
PI360847,Japan
PI417493,Japan
PI506932,Japan
PI416938,Japan
PI594170A,Japan
PI594167,Japan
PI507244,Japan
PI196149,Japan
PI417468,Japan
PI507467,Japan
PI506674,Japan
PI594196,Japan
PI417248,Japan
PI417321,Japan
PI416789,Japan
PI507408,Japan
PI416940,Japan
PI507493,Japan
PI549072,Japan
PI379561,Japan
PI423871,Japan
PI506896,Japan
PI594280E,Japan
PI506870,Japan
PI507215,Japan
PI507257,Japan
PI416903,Japan
PI342434,Japan
PI506491,Japan
PI378690,Japan
PI221972,Japan
PI243522,Japan
PI417464,Japan
PI417069,Japan
PI227221,Japan
PI507359,Japan
PI417184B,Japan
PI507562,Japan
PI417319,Japan
PI227557,Japan
PI416924,Japan
PI506559,Japan
PI507489,Japan
PI181566,Japan
PI423967,Japan
PI417281,Japan
PI506907,Japan
PI506947,Japan
PI342002,Japan
PI417091,Japan
PI506805,Japan
PI416828,Japan
PI506543,Japan
PI506505,Japan
PI506971,Japan
PI507270,Japan
PI81774,Japan
PI416821,Japan
PI506910,Japan
PI200543,Japan
PI274420,Japan
PI506695,Japan
PI417089A,Japan
PI200459,Japan
PI506812,Japan
PI227224,Japan
PI407126,Japan
PI407064,Japan
PI407019,Japan
PI407043,Japan
PI366123,Japan
PI378684A,Japan
PI407128,Japan
PI407118,Japan
PI378696A,Japan
PI507585,Japan
PI407045,Japan
PI507616,Japan
PI507630,Japan
PI378701A,Japan
PI407027,Japan
PI407024,Japan
PI407032A,Japan
PI407054,Japan
PI407058,Japan
PI407072,Japan
PI407085,Japan
PI407068,Japan
PI407122,Japan
PI407112,Japan
PI407092,Japan
PI407132,Japan
PI407139,Japan
PI407145,Japan
PI407152,Japan
PI407158,Japan
PI508069,Japan
PI507603,Japan
PI507618,Japan
PI507619C,Japan
PI86115,Japan
PI506988,Japan
PI507201,Japan
PI416837,Japan
PI417172,Japan
PI417191,Japan
PI507423,Japan
PI416756,Japan
PI417179A,Japan
PI594268A,Japan
PI594276,Japan
PI507293A,Japan
PI594238,Japan
PI548423,Japan
PI416843,Japan
PI506721,Japan
PI416785,Japan
PI506818,Japan
PI507098,Japan
PI416749,Japan
PI416800,Japan
PI86463,Japan
PI360963B,Japan
PI238933,Japan
PI200478,Japan
PI196155,Japan
PI85014,Japan
PI423891,Japan
PI548419,Japan
PI417033B,Japan
PI243549,Japan
PI507071A,Japan
PI506864A,Japan
PI417058,Japan
PI423867,Japan
PI423975,Japan
PI224272,Japan
PI417043,Japan
PI438295,Japan
PI417066,Japan
PI506800A,Japan
PI417268,Japan
PI506956,Japan
PI417293,Japan
PI416952,Japan
PI507141,Japan
PI506833,Japan
PI224275,Japan
PI200447,Japan
PI507554,Japan
PI507518,Japan
PI594148,Japan
PI229335,Japan
PI417449,Japan
PI506855,Japan
PI417348,Japan
PI506797,Japan
PI507494,Japan
PI506613,Japan
PI378682C,Japan
PI507225,Japan
PI417331,Japan
PI506825,Japan
PI229320,Japan
PI416928,Japan
PI417133,Japan
PI230977,Japan
PI423895,Japan
PI417073,Japan
PI507417,Japan
PI507146,Japan
PI187154,Japan
PI416806,Japan
PI417080,Japan
PI507109,Japan
PI506796,Japan
PI506670,Japan
PI507300,Japan
PI506884,Japan
PI506962,Japan
PI507110,Japan
PI507572,Japan
PI417013,Japan
PI506556,Japan
PI506598,Japan
PI417009,Japan
PI416767,Japan
PI507342,Japan
PI423914B,Japan
PI187156,Japan
PI416883,Japan
PI423928,Japan
PI417277,Japan
PI507208,Japan
PI416766,Japan
PI506997,Japan
PI228056,Japan
PI417389B,Japan
PI507335,Japan
PI416886,Japan
PI229358,Japan
PI416758,Japan
PI507116,Japan
PI506488,Japan
PI417188,Japan
PI506647,Japan
